Country Code,Country Name,SKV_v0
QAT,Qatar,0.7199360243552837
NCL,New Caledonia,0.4622634861716549
GIB,Gibraltar,0.3130972086574519
BHR,Bahrain,0.2596837439135327
KWT,Kuwait,0.21319832411360506
SAU,Saudi Arabia,0.16126167459118204
ARE,United Arab Emirates,0.16078547510598445
ISL,Iceland,0.15531981315833607
LUX,Luxembourg,0.13164609060943966
AUS,Australia,0.0780439554632002
